,release year,description,imdb_id,poster_url,genre_id,Video Link
THE DIARY OF A TEENAGE GIRL' (AUGUST 7),2015,"Diary of a Teenage Girl, which tells the story of 15-year old Minnie (Bel Powley) who loses her virginity to the boyfriend (Alexander Skarsgard) of her free spirited mother (Kristen Wiig)",,"data:image/jpeg;base64,/9j/4AAQSkZJRgABAQAAAQABAAD/2wCEAAkGBxQSEhUUExQWFRQXGBcWGBgYFxUYGBgXFRcXGhQXFxgYHCggGBolHBQUITEhJSkrLi4uFx8zODMsNygtLisBCgoKDg0OGxAQGywkICQsLCwwLCwsLCwsLCwsLCwsLCwsLCwtLCwsLCwsLCwsLCwsLCwsLCwsLCwsLCwsLCwsLP/AABEIAKsBJwMBIgACEQEDEQH/xAAcAAAABwEBAAAAAAAAAAAAAAAAAQIDBAUGBwj/xABKEAABAwEFBAYECQoFBAMAAAABAgMRAAQFEiExBkFRcRMiYYGRsTKhwdEHFCNCUnKCkvAzQ2KDk7LC0uHxFRZUoqMkU2SUY4Sz/8QAGQEAAwEBAQAAAAAAAAAAAAAAAQIDAAQF/8QALxEAAgIBAgUBCAIDAQEAAAAAAAECEQMSIQQTMUFR8BQiUmFxgaHhscEyQpHRI//aAAwDAQACEQMRAD8A5ja7JLgSOZFNW5pSeqBAOtRWbSovHDJUeqAMyTwAp6923mSnpQQTuOvfTu+5NLsivcag6U0EyauLYyAylzFmd1VJJilsYlsONpScWat1R7S8FHLSmejMdlG0ONPKYFFJ2IVRCjXSmmlKnCCY1gaUqGEppwGpCLseIkNOHkhR8hQVY3E+k2sc0KHsp015A0xpGhpM08hswrKKYAqqEJAVIpxKyKjpPbTqVDiKdREaHkqJp9sndTCI41KYFUoi2Sm7YrKc4p520letRECpLSKKxx6k3OQhCikgpMEZipVvtZcSVDIkQaJTBoJRAiKlmjFe8Pjk+hVMJgGabWUnsipFpUTISknkCfKonxF1Q/JOHkhZ9leXkeqVnXFMgWg1Hq3VcdpUOrZnzyZc/lohsxbDpZLT+xc/lqkWqKJMqjRVeN7H29RgWO0fsXPdU9v4OrxOlld+4seYprRqMpQraOfBlbkDEtsoTEknKOeKPVVYvZc4gkOJxHKDx7ONDUg0zPUKvXdlLQNEhUcJqA5c7w1bMcaNi2RG2yowBJqSi7VnsqZcljVjOIERxq1daiqRimJKbXQrE3SjCOscW+losKU5U48e2miknjTKKEcmyVdlhbW822tQbQtaEqWdEpUoAq7hJrsNp+BSxuJli0uDLXqOJPblHnXIrrsKn3W2kektQA09td+uH4PmkWcIdJ6Q5lSciORqk6S6k4uWqkrOeXh8BFpH5K0Mr+slaD6gqhXXLPsk0gQHbT/7Lw8lChU9S9IpU/H5/R512dZVYnfjjcKLSlQFCQQQQZ7iarNudsHLzeS64hLeFOEJTJ7TJOtVRvZ3oy3i6p1451Aqak6pldKuy4F4YrOG8pTr2iqpa/CiSqKIisEPGRlUks9WeNRan2dZCMxMGIopWgSK+rnZhw9IUapIJiYkpGWfDM1BKUlQnqgnM1qtnbhJJcQVmAQkBlxYVIBnGISOFCdKLtjRtukPXXti0yYWytJ+khcwd+ShV6NuSsQ1asPALSserFHgaiI+DsvjGT8XJUokLClq14JOH1ip9j+CxpI677yz+i2hseKlL8q5HLhlu3/ZdLNVUQHNp7cZw2lleRI1EwJ3n20V335fD4JaaCwMzCR7V1prr2BZaJlvpEZwFEhWuRUpMYvACrmy7NNI9Gztj6xeX++4am+Jwrol/wAHWLJ3f5MQq8r5Gtn/AOIHyVRIva9/9N/wf1rozd1RohlPJlnzKCacst3LQSUuLBP6Sj4Tp3UvtkPgXr7h9nl5fr7HO03xe/8Apj/66vfU+x2+9FDrsKT/APXVW+6B0/nnfvr99IVYFHVxw81qPma3tsPgXr7ivhpfE/X2Mk09ealBKW5neGgoD6xRMd9X1rum8W2gsOBa/oJZPhOvqqYzc6UCEjCDwgeVOf4bz8ay42HwI3ssviZVOWO9EMJeKkkk5t4VBaQcgVDIAd+VU1otN+Ey02sj9AAp7jj9ta5y60qEKEg6jKPCKDN1JQISMI4CAPUKZ8dBqtCFXBy662YZx3aQ6NvD7g810wtG0p1LiebjI8110cWY/TX96kvWQrGFS3CDuKyR4VF8VH4Si4d/EctvR2/mRidtISDu6VknsyEmqZG0N49bpLepJGcABR5nIQK7ew2tCQlLiwkZATI8DTb1kx+mltY/TYZV5ppo8VDuvwjPBLs/ycdu3aJ5ajNtddIGmQHqzqSrah0H8q6ewQke010pezdn1TZ7O2ZnE2yhBPMp1FQ3th7GvNTJCjqUOuJk8cKsSR3CKpHiMDfvISWHKujOcvbWPqIGoP0iVe6q7aBwoQHUpQHMYhQSAQIM593rroVp+DdjVtx5KhoFltSZ7YQkxUa07B42MDmPHkrE24giQDlhWhMAzvJqnNwJ3ARY83+xiNn7daXCcGWWc6f3rouxO19kaZNlt4SjP0iCQoHiQJHOsIxc9usySHLK7H0kAOfuEms1ej5W6EGQZzCgQRzBzrqhl1SfRo5pY2tuh1LbdNiUUGwFKhniKCSnsgnWqFvZhx51toKSkr3mYGRJJjkedUNleLYhJp1m3qBnEZ8IPEU84y/1YqkujLG+dl3LMopcggGMQzB9vdTf+W3Ffkm3HEwJKUlUcdB200/fK1BIKpAMwfbWyur4QlWWzFKEoUrOJnInfkc9TUbzRq9x6xuzml4vrsjwUglK21AjcQoca6Lst8J1pdaUXVDENCI9tcw2pt6rQ8XFnrLVJgQO4Uu5rKUiSThJ/vXdhWqVT6EMrcItw2f9HoG7rVaHLMlw2lZK9ICRHgAfXQrPbIbT2XoegbUpTic44cfI0KllzRjKkJi4XLkjqcmvkef1CKKr+8LhU2hRUoSncKqHLGtKErI6qtKWWKUex0wyxkuo02M6JZk1qLBs7haxupzOYz3VX2LZ961PluzoxREnRKQdCpW7zMZUckNELkCGRTnUSssVmW64lDaStajCUpEkmupbN/BaojFa1kTB6NuJ5KX7B41sNjdkmbuZxKKekI+UdUQM/ognRPZvq3e2lsqPn4vqgx94wk+NeTk4zJL3cXTyehDh4reYxdWydmYjo2UJP0iMSvvKk+urlNmFZ20bdsD0RPMj+DFUF34QB81H+0nzUPKuXlZpbsvrguhtBZxSwxXPXtvHj6KT3YR/Cahu7XWlWk/ec/hIp1ws+4OdE6gGKPoIrlCr8tKv7FX7xNBNqtJ4D9W3/LR9kfdg5yOqKUgaqSOahTarWyNXW/vp99czFotP0lDkUjyikLtr6dX3B+tV5A0Vwq8g5x08Wxnc4k8jPlSxaGzoSeSVnyFclVeS97yzzWo+2iFpKvnk/aPvp1wX1F56Ou9Kngv9m5/LSwREwuPqLHmK45iWdAD2k/1pTiXAPRE9hMdu/nTLgfqD2heTsBcSNyvuL91El1J3L/Zufy1yEWd8mEoSr7WEeumXk2pOfR6fpA+SqZcBatX6+wr4qKdNnZFupHzXO5p0+SabFqR9F39g/wDyVxly8LRvT44j7aZ/xd0H0O+F++g+B+vr7B9pj5O1qtjY1xjm06PNNEbezvcA5yPMVxZG0CwdIPNQqwZv53c7H61Y8xSvgkvIVnR1X/FrN/qGe9xA8zT6LQ0r0XGzyWk+2uXi97UR1XXCOx8x4E0Qt9r4OEfXbV5nOk9kXkbnHV0Ng6QeWdGbPXInLxtAElpR/UtK9YTQTtQ6jUFP6taP/wAyKHsj7MPOOtlioluupt5OF1tDg4LSlXhIyrmzG3jgyxj77k/8ileVWFm+EBzfn+zV5JSfXQ9lyLozc6LJd8fBuwsEsEsq4ZqR4HMdx7q53fezz9kVDqIByC05oVyO49hg10pn4QU/PQPBSfLHVi1tJZLSkoWIChBCgFJPPDJHMgVfHn4jF/krRGeHFPpszhq2c6Po4rd7U7ILY+VsyOnYPWhJxLSP0f8AuJ5Z9h1rn1ovhrcCO6vRxZ4ZN0cM8ModSmt7nynKrhltRYSc4maz7y8SieNXlmvZvoEtqnEDrujOrY51J33GcVS+VM02wtnwFbkROlCoFy34hCSMYgaTQrmy4pOWxeGaNWybeaP+mXCQZ376rb0T/wBPZpOQUkRQvDaJami2ICYg8apnbQV9GknIGa9Sc0+h5OOEu5vba+HQhloArUUpTzVAA8TWvtQZupgNtgKWMzPz3VDNat500nIADdWU+C+ydJai8v8AJ2dBcJ/SIIQPDGfsil7Q202m0qER1i2kcSD8oRxz38AnhXlcbPm5FDtHd/V/o9HgocuDl3ZUW693rQrGtZJ3dnGPojsTA7KVZLuKzKlgRMzr2a05a2wl3AkRh6vf21JLcOOfopSO+JPf1YpHtHYrdvcktXe0NVyOeVOoaYG9JPP+vOqxQhKM8o7pnX1ioL1tSgknMj5vPLPhoKXQ33DqNLjaHD1e6kuXoyneNYga1k3rwUQc4FZty0qCYBzJJJ507w11FWW+hvrXtY2kkJSTHEgVC/zS64AUYQTu1I8awgRJ99OwpB3ijCMI9VYstTXU1j1ptC/SUo98DwFQFTO+avtlb5QpCkugFQGSo1HvqE8hGInLMmu+KjVxOJt6qkV4B4mn0JpzqjSjK0gExpnRMSrK5G41a2e2CMx6/Cs+m3RoBSl3mpImBxpObAflTOm7RvIC2+qM2UK0O+eFUFodEczA19tUqtoXX+jKjJShKRuyAOsUHbbi10GWu+pYskYQUWUyY5Sm5diS66Dvpk6E+vOoCrWAO+PH+1MrfPHumqKpboSXu7DtqtSEpKlaD8ZVmV2wkSTA3ZU9tA9OBI7SfIe2oCWp4kd2Vc+WW9Fsa2scS+4ASlR5iZ/pS2b9tCD+VUOYB9laG47iW4nqpgcTp69am2vZJUHGoQNwHvrneSN7nVHFJq0iuujal9ZgkT358N9T7Htk6UYlJGpBE8OYrPfFQw5roqD7PVT1mawrtDfBRUO/OqJRfYi9SNIjaxC8ltA8wk+dMuX5YVTis5EEg4UgaRwPaKzRAorKziWpH0tOZBA9eGjLHFK0aE3J0XtvtNlSCEdOhUZCRHYMyYqus185gKB1EExrzFPbQNYksujRbSfFIAV6wao446UYxWk0m1I6vsntF0cJcMtqjFJzSfpHvjPXLsrOfDRs2GXEWptMIdJSuNA7EzG7GmTzSrjTFjdBwqmJkHhIyIPMeyt1YWReVgfsbhlaUwhRO8Zsq5BQSO0FVcc//nPmL7/T9F09cdJwChSnmihRSoQpJIIOoIMEHvpNdxzAoUKFYxN6UcKcbcAMxnTIVU+5bEq0vtMJ1dWlEjcFHrK7hJ7q6HOlbI6b2OrbOJNiufpY+VtB6QccOQa5j8n+0NUuzbGFanTGFhBP2s4z54vCr/4RrYlK22EZJaSCBwgQmPEj7FVjbXRXdn6T5n7HzfUB96vLg3KOp9ZP1+DuaS2XZFTdTZW4CvUqk5zlqT41IU78k44TGNZPIT/U0xZ3QhDqzoExP1svdVXtE98i2gGMUHPtzz+9XRLd0SukPWm34klCDokKHblJHgZrNWWSCT85XqFPIeLcK3pA8h7KO0ICCUjSVRyJ/rVdlsiVtjy1dU9tRrJZOkUlIGZIH49dB5zKrnY+zySvenTSf70mSVIfHG2Mv7OOJUeoo7pCT7OdOquBwAYm1mf0SK3t22taesr0ZGRM68xUu2uOKVKDKeGY7+rXOszTqjoeFVZynNC80xnFSukNavau7MaEkZKzUZ3Qkk1lkA7yJjfXdgyKSOLNj0sCF0VrV1dO6lid5FKCxvKa6HuiFblb8YHb4H3UoWhJyB7v71ZtvoSIxDtzFPsIbSB18zmB7qlySvOK+w2hKBKjECBpr2Qc6I2wHfVg7aWtMSe3MZUyS3P5RHiKCwfMDzfIipdSopE54gY5TVsjAUkK1+blv7ahOFCTktJ5EUgvA/OHjVYR0k5y1CrxutKuiVvVE+GfLOau7uu9tvVASOOWdVFjtHSLCd6TrxBH963bbKVIEicoivP4l6XTPS4ZKW6JV0Bsp6h07IpF5Jy7KgWFz0iNCQnLv38aTa7MUBasRCYmPYJ1ri07ndbSMDfryVPYUiTik9xz8IFOOEC1A7nWwe8CD5U3aW0BxwDNQPWMzmc1R2TI7qTeKupZXB81Smz6o8q7kqSPNk7kxCm84OQ0qO0+EvJjUCT3EEVKvA/KHgYPjVYuQ6CMxl7f6U7domtmae1N4rMU72nVAfVUcSf3vVVEtuSBFX93nEHE/wDcZSv7bcoNVCBJyMGcudJjfUvnW6fr1VFhdaCS41ofSHMZK9lafYy9eieaUdJDLnJWSfdWRsVoLbqFnRJ6w7Dkr1Vfushq0LRlDolJmM8oj8b6nkSez7gxsg/Ctsx0duW4nJL46URpj0d8VDF9usM5dqhpBrte2bXxy6kPj8pZ81cYHUdHYMkq5Irka19tPwsk8dPqtvX2J5k4z27lQqzKG6hVipw0K6KRLUyvmui/ArdwXa3LQodSztk/bcBA/wBgc8RXPAmuv7HtfE7kW7ou0LUocYkIb7urP6yubipPRpXfb19i+GK1X4Kq8lqtdqPFxzDloEgwSOwkk99WW2VpAcS0n0UJAA9nhFI2NsgDxUfzSPAnIfxmqDae85Usj0lHXeASYpYq50uxSTqNvuRbWsuNYAclOJTlv491RdqlS5hBgJEcsz7IqVYEEKYyySFOHmZw1VXq9KySJGY35xvqq/yIPoMOWhOAYk4joM4mNMQjP1Uza7R1jOZ/E00slUcB4ZcKaUgqOlM3uBIUX8RrVbJWjA6EHInOKPZbZ3IPLE70g+ZqGVL+NZCFBcAcjGfP21OTUrRSPutM6lbEJKE8ZGX47Yqxu9AEjvFZyzvdKEpVIPn76tkYWc5md0nyrg+R3alVmf25tcEIA9Kc+ABE+7xrCl1OhHfWv6Xp7WsqEhPVAO7j7ayl/WdTTqkjIajLca9HBSWk8/Lu7Gi4ndNF8Z7O3X+lQfjBjWi6c8+6unYkWDTgKvRidc93t09VSbVbBPVAO7kKrGHMiTlwpCnYG+apdInW4t20AnSkKfTuT31CU5NBLu7WfxlSakU0ktNpT9GnW3E/RqKluI31JbOvGls2ktrgHXxbsh4/gVuE2lwJ6qZTvM+6sxs7ZgpszvPurRXc+ps4Vzzia4s71M7MHuh2O88GFKkwmcU5fiKrtsr56oSnf3VZ2l9M9UA5Zk/N461za+LX0jilA7yBPDdSQim7LZslRpBotIBUdxjd+ONWAQHLG7hMltaVjlofOs30hxVJYtTiAtKDCVghQgGQa6JO0caVMubc2FIbUNSmPDSq1TRxHiU/zU2xalJEHNPD3VKbeSoiJGWc0y6CvqWd0WkgsncFqbPJxII9c1GtTWFxSeCjHjlTNmJCXBvQUrH2FZ/7SKn3wB0gVuUEq7vwKlHaR0T3xp/T/wA/pERA60aTI7lSCfA1o8ResaHD6bJCVchp6qz1rbzkVoNlHgpxbSvReRp+knT1FPhRydLJQ60bHYa2ocLjChLb6CqCZkkYXE9sjLxrj992NVmfdYV6Ta1IniAeqrvTB762ezL6rO8RJBZXigZnDMKHZIND4brqCbQ1akDqvowqI0xtgYTPahSR+rNRg9GX5P8AlfofItUL8HO1OUKjlVCuuzn0kxizFakoRmpaghI4qUQEjxIrs+3WFluzWVHoNJH/ABpAE85Qe6sT8GN19NeLM6NYnj9gQn/etFX21lq6a1uEbsKB+9HcVR3VyZHqypeFf/Tqxqot+SbdKOisS1nVwnw9EfxGucW9XSO5HIa+33d1dE2utKWLOhG5IiN5ywj1ma5ouUoyEqVVcHRyEzdVEtrLeCcS92FvCkduU8qz9qURrnInuNPFYQk55kGe3fHjFQAcRpyQrGVngPIVa3JZw462jIAqznfGcd8R31DYaxHs/GVWbaBGg8KwTpCG4AGgAisu9YotyDuUQfAZ+VFd9/ONgJMLQNytRyVr4zUvaMno2bQlC2ziMBcTEZHLcZ31BJxdPuV6rY0zbAgp3CmrxeS22o5CBVSm+vkukHpR6M1UXxeqnEwBlvO/lUo4m5FXJUTdnNVK1xHXz9c0Nq7vxoxx1k5928eGfdV3dl09FZw45kkIxRvmJCR2yYqosNscUMFogjiBnyO47/CrxlctS7EJxdUYFbQPYaZ6OK1zmziDmHDBJw9TcO8aVWW66C3mSCNOG6Rl4V1RmmyLg0U8xSHlZUtTRmlKap27FSIyEzyp9pmN1ONt7qkONwk8qUYiBU5U6EwRSbM3T5GdAJpNmD1VAcZj8cq05AMK39lc/uu1KbVi7o41dt3g8/1UdVI1IMeKtfCubJjbdnTjmkq7k2/3sLakg9ZQ4551iU3U6v0EE1or0u/o0DrYnFHKBxjjr6tap3GHTiJUoz6XW7c9MjRhFJC5JNy3RFXs1aYxdHlrkQajKu9xIhaSOfZUhbbk5Enkamth0YcbhVGiT1o7M8hypxCqbYHfUpgpjC4JTnBBGIcM94yqxDKdS3v1JMcoHdvpDlhbM5bwMiYznPPPh41qAQ7D1Fn5wUlac94Kf6VbWpSXbMyoTjQMC8gIgnDEaiAM+2qdVhIzQZIOh7JqbZnsShHUcyCk6AjgRy0NJJb2Wx7x0i1ZyDSrI+WihwatrB7j6XqihimY6qh807/qnfTjZxIwmNDHHOCQfu5d9PexGmmXl7thFpS+B8m4BJ+uCJ8/VV/f1mFtuRY1dsvW7fkJJ7uiUvxrOWdfS2NM5llRSocUHj3Vq9gbSlLpZOaHm4gkmVNyMPekmeMCuTImo/Nf1+jojv8Ac4SoUdWe0l0my2p5g/m1lI7UatnvSUnvoV2KSatHK1Wx1L4L7MGbNarSrIEhoH9FIlZH3x92qy5UFx9ClaqUp1XDESVH11rdoiGrtQkICC6CtSRkMTiFLXA3CSrLdFYyx3y1Z4UZUoogJSJM753DTfXBjbnqku7O1pRpMY2/tfSPJbB0iRx1rOWlQTJOsR3cKftdpW64p0IgnSZMcKbVYnFxMR3D2Gu2KpJHJK5SspXG1LMwcvVNWt33OkJl15tqdxxrXHHChJ9ZFWKLiVOZz35EgE8zU5u4AMWp4RAnt05+NByXkZRfghMsWNtMF51w6no2kJn77k8N1SkMWJeabQ80eDrBI+80T5VObuMZDCTUuy7PjGg4SACDkJ0M8KXWvI6g/BATceIfJvsOngl1KT4O4M6urwD67Mhp2yOno8gtIC5AyE4MQ07aSq4XlKJ6NJkk5pI1M7qsrosjzCgrouYCkifvEVOUrHjH5Gcs9lQltSVMWgL3KLeScxoNaO67hKlpxnqk6Zg5EyCCMtDXQHr7KRJbdH2mj/GaZZ2nZxfKdEO1RbB9SqTXLsh9Ee5U7QWorJbGSEDPtV/T31TIs+ZPP1T7xW8s7ljeBIQlQOpQQc+2DUa2XSwULU0rCUAkpMkkdgOdaOVJUBwb3Mo83CUntPgZ99UV9xg5q8OddEZuYFPpgJIjRwkjjkgxpVfa9iUuEnpQBMgBl47uJTnv8apHNFPcSWJtbGOunYR+02cWhtTeZVCFEpUQkxIMRrPhVTbNn3mlYVohXYUq9aSRXQv8j5R8YdyEABl+B2CEZDlSP8gk6vuH9RaD5064hX1Qjw7dDnjN3qxZp/HMVMesQIAgeMHvBNb9r4Om97znL4s776mNbBsAEY3M/wDx3vfWedeTLEc5sN2NYil1fRoGeIALKjwAkVNXZLuTqu0r+r8XbH+4qNb1ewTBj5RwQP8ATve2abTsEwPzjh52d32JpXlT7/lDKFdv5MF013HJTVqT+mHmlHh6JQB5VKstnsUy1bSg/ReZUO4qbxD1Vsnth2zEOLEf+O9nz+TNNt7EpT+cn61ntPsQKKyrz+UbQ/H8mfc2fW6JadYfVoA282YSdclEKk5buNVb9z2puEONOxoDgXGZOhiN58TW1/yYiNUHMH8naRpPFo8fUKks3Y6yeo7hA0CC8B4FoUjyeKG0XuznDl3BuAJQopBOKTrpHAEGai/FlAx5V10W5cfKuWdwcHUL8+ipQfsCoK0WYneW1RHqFbmtdjPGjl1tASgI7M+ZqG1ZgEkznlkNP71113ZW7nhMLRO8KUR3HrCqW9tgW0x8WeKlEzhKkEnkYEZca0cqoDx2zmZSZlJg+kCNxH4NNMqMSc1AkgzmDHHtn1GtQ7sk5BKMSpz6oChqfoniKgr2deEylQJ4oc/lqutCaJIpkvBeSxyIyjlQYdS2DIxfRIITB/SkGcpyy11qbabjcT6UA9uIctQPwaR/h5CSMTfGMQ3R+O6taDu+pKuh2FuNjRxE94zHfVvdD3Qht1OJWBzEcXDIKA5iPLfVDYrGoLSsEdU7yNPYKvipPRYEnEoqMAGQJMnTf76nN7jQQ38Nd0gPM2pHovIwKO7EjNHikkfq6Fbe13OLbdaGSApaCnDO5STnn9VTg76FRw8RCEdMn02NPC5O0HtXYjaU4UEBSCko3CQCCOzJShWVsmy7qiMVjBUBkQttI5nrfjhWuudjChCdYAA4ZVftKivPhxEoe7Hodssae5hWdjH1GShsfWcJ/dBqws+xDg1W0O5SvYK14cpYcpnxM2LyzPNbG8XUjk371VOY2WQNXXO4Np/hNWoco+kpedJ9waGREXA0NVOHmsj92KeTcrH0Sea3D/FTvSUYXW5kvINDG03PZ/8AtI7xPnTqbuYGjLf3E+6oZD8ziTEqMYN2GEImdxzJ36UXQPxBeg4QmQhOsypcHedANBrnR1PyDSyyTZmhohA5JT7qNxltQhSEkcCkGq/oFzJdV6WKOqBEQlH1RrxJ7MqUxZykgl1aoBEKUmDJnEYHpbuVCwaAn7iYVmAUH9H3GoNq2dVEtu9cejiSY5GDU9VmBJJWv0kqjGY6uggfN7KQLEj6aj6QzWvRZk58eB3U2ph0sfuazuNpPSqSpSjPVCgAAI+cSTzqcXKqP8ObO86IHpK/N+gffxo/8Namc5ClL1VqtOFfcQazdm0Ft01F01QLKyltCUJJwpEDfluzpyBxPhSts3LRL6aj6aqx9lRMpcgREFBOc6yFjwqSAOJ8P60d6NoRK6ah0wqMFDifD+tQ7Td7aypRJlQRMf8AxqKkKHaCawNCLbpRR9LVP/hzeLECZ6QudkqThUNPRI3caaNzt4cONUdGWvskyndqnd7axuWXwcodJVIbuTiKukMlaHPtIGE7vnAZ0tmwhLS2ukkKLkHQpCySAPqzlyFazcsuekpl6zNr9JAPdn41UmwHUPZy2e9v0jr84ZEUBd69zxiXfnH0XM0icWqToaNg0Ehdyt6oJQfEVX266n0wtro1rSd5KVFO8BUdU88qf+Jvxk9nDe8xiQesYnRQ1FSrCh1OMOHEMZKCCScBg4VZagyOUUdVBp+RqwXahaJeZSlRJOEhBidTKcpNKNwWbc2B9VS0+RqWSeBpJVSPIzaWQ1bPM7lOp5OueRJFRLRsshX553v6FQ9bdW2Oh0lbmy8h0Mzbmxp+a+PtMNHyignZdxIj4wAN+BpKJHcrnWj6SiLlHnS8jKLIlhsqGWw2CcImSdSSZJMbyTR04qhUZJSdsoooqbG3kJEHxqaFDt/HfTKVU4Kyiio4F9hpePsptNLApqFoUHOwUoLP4ApMUoCmoFBhZ40MR4nxowmjijQAqEUqKMCjQBAFKApUUdEwmKEUqKEVgWJihFLihRNYmKEUqhQNYg0siiUKPdRAFFCKOhWMFFFFKihFA1icFFgpyKKK1BsRhosNLihWNY0UUWGnqTFANiKPGeJ8TSooqAQukPGi6U9ngPdRxSSKWjbA6U8BRdJ2DxNAikxQoZJB9IOB8f6UKKKFCjUiKlNLAoCnEisOAClpFEKUmmFYoClCioxREDo6FCiAOjiiFKpgMEUAKFHRAAChR0KwAUUUdHWMFFCKOirGARRIGVKFE3WMCKEUdCsYKKFHQNYwRoUdA1gCYoRShRUAiYoEUdCgETFFSqI0GaxMUmKVQNAaxBFFFLNClCIoUZoUDH//2Q==",Drama ,https://youtu.be/kYb0WRr1eww
ME AND EARL AND THE DYING GIRL' (JUNE 12),2015,"The film that won Sundance (it walked away with both the Grand Jury Prize and Audience Award) also 
sparked an unprecedented bidding war amongst distributors. The premise of Me and Earl – a geeky high schooler (Thomas Mann) is forced to befriend a girl (Olivia Cooke) who’s been diagnosed with leukemia – sounds like it has the potential to be YA schmaltz, but the film managed to win over the festival’s most hardened cynics. ""[It’s] an illness pic without the guilt-inducing mawkishness or carpe diem platitudes,"" writes THR’s John Defore. ""Film-geek friendly but thoroughly accessible and very funny, it has the makings of a mainstream hit.""",,http://cdn-static.denofgeek.com/sites/denofgeek/files/9/30//me-and-earl-and-the-dying-girl.jpg,Drama,"
https://youtu.be/2qfmAllbYC8"
THE IRRATIONAL MAN' (JULY 17),2015,"set at a small New England college where a new philosophy professor (Joaquin Phoenix) arrives on campus desperate to break out of his current funk.  With a rep for adventure and love, the legendary professor quickly strikes up a relationship with a colleague (Parker Posey) and an admiring student (Emma Stone), but it takes a dramatic-plot-turning deed for Phoenix’s character to break free from his existential rut. ",,"data:image/jpeg;base64,/9j/4AAQSkZJRgABAQAAAQABAAD/2wCEAAkGBxQTEhUUEhQUFBUXGBcXFBUYFxUVFhUVFRQWFxUVFBUYHCggGBolHBQUITEhJSkrLi4uFx8zODMsNygtLisBCgoKDg0OGhAQGiwcHyQsLCwsLCwsLCwsLCwsLCwsLCwsLCwsLCwsLCwsLCwsLCwsLCwsLDc3LCw3LDcsLCsrK//AABEIAKIBNgMBIgACEQEDEQH/xAAcAAACAgMBAQAAAAAAAAAAAAAFBgMEAAIHAQj/xABIEAABAwIEAgcFBAgEAwkBAAABAAIRAwQFEiExQVEGEyJhcYGRMqGxwdEUQlLwByMzQ2JykuEkgqLxc7LSFhc0NVNUY5PCFf/EABkBAAMBAQEAAAAAAAAAAAAAAAECAwQABf/EACURAAICAgMBAAICAwEAAAAAAAABAhEDIRIxQVETIjJhM3GBBP/aAAwDAQACEQMRAD8AZuit31lBji7MYg+IU+K3pYx8cj8Ek/owquy5ZOoJPyR3ptV6u1q1CYhuneToAO+Sskl+1F/DjWJXhJLAdJkjme9DpWErxbEqInsrYrVrVI4InG9EqwypOgmOQ+ZVINJ2ROwwuq7VolCVejxTekMXRzGKlvVbUpv2Bztd7DmjhPDjqg2P0/8AFuqTLarjUYRqC15n1GyMYdg9Yu1ZGm428CEP+yOIqUjINNxcwRJymZHu96kmr0UlBrsE4nUl47h81cY2WeSHOtzuVffUDGjvCdk12VLa0J12CN2uG0j7RJ7wgrahdojWFMDHAuMg7jkubZ0Y2GMEwxrKgc1xcBwIRvpHQc5gLN3brXqHNipRA7wdktOx+oK0PGk7cteChXKVjyxJbA2M0y0EO3B1UGHfsneKeOl2FtrWnX0/aaJPeOMpHw1hNMxrqtEZWhGqY/8AQr/yyp/xj8k0dFZl5HclnobSIw57SCCa0wd401V3/tQLSjUFPK6tmBAd7IAic0cTtCi/RkO7mEnZWKTYKQv+89jmjLTIfAkGIB4weSDYh+kCvm7IAUuDGo7D14CG4hXk6Lktv0urPBlxlGcB6Wuc4NfqClcWgvHfo2V3mVlETup3Na4ZhsqtSvBgIJ2RloIUzot3uQ4VUhdM+mGbNQonTUPfz5tb3d6Kg26QFsL9JenAYTToQeBqTxH4R81z3EMTdVJLnEu5yUNqPUDtFqhjSKXRYbdOadz4g6otZ4w5sdZ2m8HDRw/ugrTO6sWZAOV3sn3d6MopoaDaZ0Chkrsy1u0w+zVG7Z/GOIVjoVgdS0feh+rTSBY8bOEu1HftolvozdGhV6t+rHfPYrpmGvBY6nMBzSAeU8PBZnNwdeFpR5KwV0edp/Sm1olJlCm6iS12haWz5ckepYtpoCjJW7M7QetahaIRWzqaapKq4ueAUNPpI+YQUQVR0LrAsXO6/SKrOhCxHiHQN/RhbEMe9wiOyO9Bf0w46CWWrOH6yp8GD4n0TmyuKFtLY7LJ8YbK4NiF46tUdVeZc8yT8vLZHHHlO2GUqVFdSUqcmFGrFtotbJLsuigNltTsZ32XtNytUiots1QgmZQwocCmnB6eUQhdmJhHrKl2goZJNmyGOMdoN4WYIUnSbB6Z/WgZXZSSRpsP9lJZgAhWcert+zFzttW/1CApw0yWbZxquyQQql9qWtHAK5cVQHEDgoZBOi2IxVbNbW34JqwHC2SHOQGxZqmrCGEu02ClkkzbhxxHWxoAtAA0SH09wI06jajNnaHxXQcL0CkxSxbWaGu8VnhLjKw5FaoUejn66i+ieLCD6JNsn/ZWlpgvJM90E/RdOwbC+ruAANNVzXpRY5qlRzNhUe3+lxC0xdsytAR+NVsxLajx3AmPRTUnOOrzJOplD204XrqhV6XhO2i5k7cozcWsuGm4B9yCWTpKardwJYe4tP581LI6K49lAWXVua77rtD3KzRtDTq5TsTLSmrEcMBpP02EjyUFS1D6NKpxgT5afJZ/yWVUUhs6PVczAHeBW97aZXKpgz8rvj57FHMYZ+rzfh38FJPZHPG1YpdKbrqbWq8GDlIb4u0C43SBcU1/pDxkvqCi09luru9x+nzS7hjJMrbjjUbIxXhFdUoVcFHH0g7RULiyLeEhOpFXB+FVrTwRGza14h2h939iqTKeuhg+iLWB5ta8eh9QhNhxxCttauLNfbp6g8Szn5JywusSGHwnw2I+aXsOuGiNHCNvvQOI8O5HnQynnZ7OhHhIkeixZG+jWkF8YphzM/HQFU7fRqvWb+sa9vMSPMSPeFtZ4aXMnkmxy1RCapgus+UKrTMhHqNi58homNyhV7QNN0OEKkZKyUuigah4rFZLAViqRoWcf6SVRQFI9kkRM8OKTKQnRSXlcudqSY2Xls7WOaqkkju2RuUlLUr24pidFtZjVHwKVOi5TCuUlSdUAW9PEWjgVJpmiMkmG7BxzBMdu7Y94Hqk2hiTJ0MeKO2eJNkNBBlwO/uUZwZrhOL6Y62SkxmmKlnXZpIbmb4t7Q+CUcS6UGi57GNl2bSdAAY1V/o3aOrvD61fNJ9hhOUTzU1FrbEm70cwq1dVPQd2TCmucEqh1Ts9lj3MJ8HEfJbUaGVsTK2NqjHHujyzvi1wTNQxM20FzZD+16pdtbXNUa3mQPeuk9KsGpmgzYFoAae5RyNJqzXi5Uy70ex5lUSQWjmmGqdMzT/dKHRei3q8keabadKGgcAs0qT0PJfSGreZcxGrg0mOK43Z3byyoHTJc4uB3kmTPmuq4rcMoRVOrnPaz/LM6eQQrpBa0K4dlaGVHjR0cTzVcUq7I5YpUkcpcFXqNRC4o5KjmOPaaSD5LUsWpMg42VbV8EJswps0Q7/5CP8AS0pRdS1T50atZtmz/wCoZ/oakzPQcfY5OE03j+H4tQuyP+DB5PB/1CR8VO+7AYT3R8VQpOy2DAN3vcR3gFY6NAYt6wFcM/GzTy0+YR6+xdlO1dVqbBhzDmQIj1SQ64/WW7+IOU+YjXzQT9ImOmPszDpmzv8AiB80Yw5SSEnpCNe3BqPc87uJPqUQtmZWAHj5IS3cI5WolwgaLfLSoz497JKVBw1Ycw4tPyKKWJbUEEa8kvNdWboHH3Jh6I25fWaDrzU56VmjHLdUQYjhTQCZhCWhzdRqOBCeemBFJzYaA0jgJ9UNwqpbvBDnNB5EhvpKnGTqyjim/gOscWiAfem/BnCowt2DgZA4E8R9EnYtYimQW7FGei7oI7Uax4FJkSatDRvpjfgbiH5TuBl/pP8AdMFGuGU3DxSxZ1slwJ2LoM/xARHoUSxe4DHOaVKHdEc66Ye6OMBpOdxLiljpg2CEx9FLpvUnxKA9MqrS9vmuj/kJPoVC8rxTZAsWuyPI5QV6wwV4vFoECApazuFlCnDiobe44HyVmUjsvaeyyKAdoozYOBXtCrBRRlcFI20WjGMgRWsdO9WujwFOq1zgDqrN48BsqpbkyF1tobgoyVHSrjBqdSKpAObVELKiGwGiAENw6u/7KD+DWPxDYgcjxRWlXBp5h+En3LG76NDVI5Hd4q/rq3aJa6o8xw9swqzK0uPgqebWVtmIMrdxPN5bCFlckPDgNjK6FUxT7RTaxxg6R4wuf2jJghOWE24NOHATwPfzUMpvw9WMXRylk0J7vNWeluMi2oEz239lg7zpPkheG3gpUu2ZyzJ56pIx7EH3VbO46NPZbwCjGFsM5ejpasNzatEy+lUaTO+U6E+iipVQ65Jceyxrj5NCA4VQqU7yllcQKlMF44RBGo8ldvcwNyKQ16sN8nOAdHencdke7FDE6nWVqlQfecSPDgoZUlS3ewDM0idp4xvCrlaUTokpNkhO2C1gyixvMvPyHwSfYt3ceG3irbsRLRA5QEmRctBi0g/XujVf1VPWTlHhsT4RJRbFKzWZGt9mlTyt7zxPmUtdHqvayz2ne078LOIHeUZrUOvc7XKBEeA2WeSp0VjsFMxHKxzjqWukcyZkJUuLnN1j3GXvPHgJkn4BMuM2raecTPZ7Pif9koVhC0Yku0Qy2RN3CP0il4JgoHQKswYO2bvTZ0CodouSm/VOPRiwGUszGCGuzNJBDpmJHwWfI/1NWNbsZcasmVW5XRKDYf0VoZpLZ8dkXuLd2YOBJ4HyVtrYCzqTWkPxQodNrNrWADnAS/0cudX03aOg5Xc4EgHv03W3THGc92xgPZYRP806qOzoZX1HnYF/w/urqNQ2Tu5a8GTrXFrHyZIbJ72uj4Epmx1uZrKkSS0T5hL9pRm1PcMzfCZTaRmoADdoBHhuoJ1I7KriDsHc9gIh0FVsRt3PdMHu0R22xGmBBMKR2JUuYTct3RlcbVWKn2E8j6LEyvvKfMLE/wCR/BOCPnk0f4m+q16rvb6rVZC3EjYU+8K6w6BVKNOSFapmZ8UrHgbsKs03qqFI1yVlouglWhzQCobHDy+oA0x3ryNNDqrWHsM6PLTzCTo0JcmOWCuLWlpJIbxOkz3Kxit6KVpWcNOy5o8XaD4qjhNkxxzucXEDUSQJ7+a8xy0pOpCjVe9gc7M0tg+ztmB3En3LN3IrktI5qcvNTOrtPAo3ddCqsTReysOU5Hf0u096AXdhUpOy1WOYeThE+HPyW5NM8x8kTUrwN5+5EbXpBk07RHKQgfVrOqRcEFZJL0YbnpLnZlylo7iNVSpYmxsdlx8xqhfVLOqQ4RC8s36NNPpaBWFY0ySGhobIiAFHW6UguqHI4dZEgEaQZSyWLMiH44/Afkl9DmI4+ysGhzXjKIEQqH2ylyqerVS6tZ1SZRSBzYQGIUgIyv8AUfRa/bqX4H/1D6Kl1YXvVhGkDmwpbY2ynOVjtdyXe7ZXLfpR90U/9X9kvdWFuxsapXCPwaOSXjCGJYo6q6dtIAHABCqitNbA8V4KPE7cO9BUh3cimQjGHVpYOY0KHXNOPpyUdCqWOkIvaFi+DDrbYOcN/IwmLBsOeTNOq9hHcD6oLhdYEgroGCNpFswAef1WbI2j0MbSRftKlQQKhae9um3MKPHcUbQoueTEDTvPABVcVxmlTGhzRwGvvXNOk+NvuHdrRo9lvzPMqUMbkxJ5OKsC1q5fULydS6fene4d/hKjxxH/ADFg+qQ2broOB0+utXM2MEfCPeB6rRm0kQ/87uw50Lq9ZS6s+0Bp3tIkFMVjdGkSDtlHu0KT+itJ7NgQ9mkcY8PVMGLHO0uAjMAD/MDJHuWSS/bReXQBxrpte0az6bXtgHsnq2EkHUcFSPT7EPxj/wCtv/SiFXDs7pI9206x6yiFLBAYnn6LWnFLZja3oW3dNsQd98nwpt/6V4nuywRrRssQ5x+HcWcGCs/Zcol3p9USrUxHYaGkDgPmqtOpO60WT4lNj+1K3ecru4r2tTyv5KWnS6wEbHguCkZmXsqGnPsncKXqzySlf7LFJ+oR/CqbXmIS7TpO4AovhVvUkEAjxBUpovibT6HvDwAIEAId0geHbEFzIcBxgkAj4FVWvJqMo5/4qh5NGzfP5Ic+4zVKzpBAa6PBv+ylCO7K5GG6F01lvnOhIXuCUPtVCq6sA6nmGRp4c4PA+HJLGOXPZpta7M0tkc99ipujWJOpEgzlP3e/aYVOOrRBtdGuO9FHUgalKX0+IPtM8eY7wgHVaLqeHYz1hAaGmTEHePmhvSHo3RkPYerLjtqWT3R7KeOTxkpYvhz00VjqSNX2FOpPLXATEggyCOYKhNuI7veFTkS4gbq14WIpUt/BRvoeCNg4g0tWpVurbwqtRkIgo1JWuZeFaEogN8y2FRQrZgJOmq5hRbojidlNUqiZ9PqtqNuS1Q9XqZ5/FR9NCTSMJmTy4nnz8VRO6LMt8wynRo1J+apXTWzDJIHE8U0WLKLL2HBG7djhxMeJhB7JhEaeaZLVkhRyM041op4pU7MJWvU1YpTSrfbp8XRPOUwnbobeAPyu2dofApKCLYRVgjWE2WNxJYHUjrwsyC149pm/8dMxqe8IhdWmb2I13naeBQ7o1iodTDam40R2tWbTpy8iBx+C85P9jVPoFNtC32mwTH91boU1TZ0nbmhrKzoI1DDl358ky4lRbo5u51I98hXszaK9EcF4pbLUlYhYThFywNeHDVrtR4clC+0BdLJjkVNhFwKg6p+33TxBV+3YGVQCCddVrugJWCMat+0YGo4eAQ+i+Ne4nzATTcZDX4xKFVsOFPM4+wHETE/e0B5aQipaBKO9FKhRfUbmjYwDwPdPwRPD6ebQhUwH05brkMERx4jVFMOdm14jcfNJPorh7osm3yxC1ucT6ps7ngFduHdlK+JCXQFKC5dmrJLgtBekSyjnLv1lTVx5cvctaVm4UKr9D2CgrL55huUOA8QjdzeAWz6cEPIiCQCBz71RqjKp2C8RP6ukR3tPrI+Ks0SA9pnkqWJvgNYOEE+JCkYJICetCXsYMJdNcOY6GAkuOsRuQil3chrhJLw4k0zvmJ4OHDxHJAhetZ2KesdkDi5/E+CI2b+pb2dah9t57UH8FMDcqckUTD7LQVG5ao1P3QZLfA7hK2I2fV1HU9CAefPXhx1TPhtPKQ5xyu/DMuPe9b47hrajHVWAF7ROn3o4FCMqYso6EupTG2/zULx+YiPLyUrnnx7u+N/LVV6r/wA77BWIkVRu/L4IZcFXLh8d2iGVXpkhGzRxWhWErGCSAmAS21EOOpgcSmOhYjL+qZmP8JEnzKjtqDQAMoPzVinbZTLWuaeYKjOReGNgk3LqTyC0g8nCPJaOuGyTwd7j+QjGJ23WHMd+Z+iE3mGuaM2w4TuUsWmO4yS+kfW8FvRtwQqlqO2AdRPuTjbYYwwGsE+G6MnxOguRSsbfsiUXsRBjgjlthTQAC0bAKU4cwfdHvHwWdysupJCvi9PRJ2IN1XSsTs6eXVp/qckfGaTZ0EDxlVxslk2hfCs2z4KgcFJSOoWhmZaY+9H8U0bPtAa/xD6rolu8PptLdWkTG+q4rY1cpEHw8QuldFbtzgKcwHNMd0O3HqsGWFO0bU+URluGhoPh8lPgFR1Zza7hlZkim07kHdx8UuY50fJcXdfW7X3Z7PeITT9tZSIaYnqxlYNzAEABAg7fZuGZHvbyOnhwXq9rU3DK5/tOEnuI4ekLEwLPniv+pqHL3Ed2qcKRZUNN8QSBJ4TzSnjQkh0RM6d+ia8BAfTY0HtAbLTLqwx/lQMu2hriZEl2i9rUyTc0wZ0Y8ctWiVFStzUrkfdZJPktTXLb1p4PYPMRHyXBfZrhFyXU8jgCWHTmAeCKZWAhwblJEHkhVJwZWeIjMD5FGsRfTyUyyQYMgzvoDJ4+SWY2PTBeJXcIDVfJlWsRfJQ6tUgJscTsswv0eyOcc2kbopj9JjogTMe5yVMLuMlQE7bHwKb8XaPs5c0jQTojJUyUGmhQrmSDzJPvRmzogduR2Wkx3gGEFGzT+d0UrAgacaRPrKdix+lrAKIOd86tGh/DPtO8eXiiOF1u0YMR9865AeDR+M+5ArKsWtyjTMRPlsiArQWtZqeHe7iUskUi9DJZAzOzeJPtO7yUetajQfaEFK3VRHWPBd+EHQeMfJG7Z7co1AHhCg0VAPSPD+pqy32H6tj3jyQC4PfMJ96TWgfbFzTJZ2hHLY+74Lndd+itjdoz5FTKVxUVN5UtU6qBysiJ4VLasJcMu6hKu4X7XkgwxWwla1qzD7Gfw/sin/8AcEatLDyKkwtuoRr7Mw5mPa12cEtJHHlKzzaNSi0tMBPpZiHZmkuboRqNOBQ+tbuc7KXSfcFYqYeKZDmOLe1Dm8AOaltH0gc9R0NnstGrnd8DYJf9DLr9iza9G9AZ/wA3DyCOWuBOyD9c9pncbx66LSzxPM0ZKVRzZJgDXulbnHKjjDLWqT/FDR71K5M6TievwWp/7ut+fNQHAnk/+JrnzP1Uxq3m5tR51G/Vb/b7wafZWf1j6ptk/wBfgMvOjgA7VWs6d5fol/F8OZTcA2YjWTOqZb2reP8A3NNni6fgUu4rTryOs6vwEp4XfZ36/GAK9OCtqVLZTXFIxz5KKg+COYV70JWwph9i4nNHGAn7og9tMy4OcGgtEDMS4mXR3cELwi3Fx1bGQG/ejeSdSV03CbNtMAMEACFjnJt0aZVGNIWekPSWkw0w9tRmaYlu4HJHMHs2uqPunNIe9rGtB+43KNAOB+qt43ZseaRe0ENLjqAYiIOveqFV1etpTPU09y461HawMo4CEvhDdbDV/csyiXAEHXukf2WLMMw5jaeT2tZJdqSddSfNeo2FK+z51xhxdUAPrz8e9MOBtIY534QdUvYrVLquo7Q9rx/IRrBXu6lwB308uK1y6BH+RXpNLKVSoZl+gPiUNuK5bVou3hrfiUUxi6PV5dIQXEak9SdobHo4/VGKsE3QwY1SBdTqDTMII71Hi1XLSY8EEbH11Vq8t89uxzTMfRCcWYTQbuNT6gpUP0Urt4IkcULquW7H6Qo6irFUQlPkbUGyUwMuZtSDvOX0BPyS/Q4ohbPgAO2Lj8I+aDR0XSKlu7TLz28UQfUMNJ5Fn9vehrm5SRyVwXYNIt+8DIKLOTIxV0Vm3rEbHU7nj4BDKRkq7TGy5hixhtHCBJj3kpkw91PJpm84SvbBgAlxJ7hp6phwmq2IDXKEkaYh+gwOpkA7gj1lcju6NUEhzogkR3gwutWOoPDVc36SEda+OL3GfNDG6Y344y7F57TzlaEqZ6jK0JmaWNeEauWFsHzMqoVcsLgMmZXMSKp7DeF4O4uAp1SwmYmdxw0KNvw2+jSoxxbqJ0JjyQzCMWpA9p2ngQQeBBTfZY3QI/bM7pOUg+azzckWSh4xXqXjiSK1Pqw9rmlw1ZmHHu1AV+5oUWtouaxvsNcTxc46DVXcYvLd4IbUYRUkFocDDwND5pJqXLngMe6GM7LQNzGwQiuW+hnL/o/WF61rZDmgnQiQI5ItSuaNMZnVKc/zN+qRcEsreDnZLiBllx98Ivb2NAfu2k9+vxlI4JM7kw87HKE61qY/zBRjG7cnSqw+En4BUWdS393SHg0E+gCkdiwb7NCrH4hSIHvhLQOTRPe4hTI0zHwY8/8A5SjjBc46U6kc8hHxTK7pDSYNWV5O5LB9VDiPSSiRoyoZEiGiD70Y6fQeX9iRQpmYcCAfzIWl7h5brGnP5q9WvxUdDWOb4/RGbGgXU8ruz7MHQyBuFVyaDFKSNOgwaXZC4sqHWm4HQkcDzT/h9oyqT1r3ktMOAeRB72rnRtRSl1N2rC0+p4eY9661htWk5jC91POWie00GSJIUMm3aGmlx2U8XbQZkBqQwEOIc6BmB7LTPPeP4VGektu394HHk2XH3KfGMLovID2tqN3BJBII4SFpZWtNpDabGtGxLQB5SlROtaCeBV6lw0vLTRYT2AfbcB94jgN16rDMTpt7IOYjg3WAOcL1cTs+ccaqf4h8c4TDhNYNo6jVK967NWf/ADfDT5JopUR1QgjgtsukGHbBuNVmFojRUsSpjqaLgdi4HzII+C3xZuvoo71sUQDzkJloWW7GGzaepHeJQzFKjhQbxh5VzDLoii3isxQtda6iH5ye4gn6Qk9K+CrcM4qurZMtIVUqxmkTW7t1aqv7LfE/AKpQW9d/DhugFPRveakO5j4KAFbwI4r3sgaDzOqIDSk3VXGmVRlW2u4BcwoNYdUaBrJTRhV20SMh8zHxSfhNaCQUXsjNQFxho3lRkjTB6HaykzoAPGUgdNaMVnEMyt4HWCSJk96d7evMdW4Bu08VXx3DWutqjGjgX5jr2m6zJUoumVTOUOWhWxWrtlpIS7CnSLCBb9VDi7OHEzGmV0CPVQYU0EkIz05HZtjzY8+vVn5pfsS4OlkSOaC2hOmNeGYdTf8AcaSNxHwTHZ4Lbu/dNniNR7kn2N3cUT1mRjgd/wAgphZe3mjm27IOoOYbf1KMkx7j8JukGC27aTi2k0GNxKRLdzGudMHXszrCZsaurxzDnZTpjjrJ+JSzY2rXauElNj62JJq9IK0qrfxjyIRaxuy2IeCOUoC7D6Z+7HmVvRwukd83qi0h1yH7D79p3e0eJCO08RpRrUYP87fqkfCej1u6JYT/AJnfJNFr0btRvRafEu+qhJJB/Yt1L6mdqtP+tv1Qm7Fo6S+ownjlJJ/0om7ArbhRZ7/qvBhlBmuSm3vhvxKQC5CnXqWwMUab3Gd4/JVPE7is5sUmZdgBEkAfNOdXFLVm72Hub2vc0KNnSKl+6o1an8tP5lMrWxuaqmwR0U6LVHDNcyAYkfeMGfJPeHYLbs2pN85PxKADGLt37O1I73uA92intauIOdr9npjzJ+aV23Ykpp+BPpfh7xSpm2e2icxDzlzS3LoAOchBsOwJ2YOrV6tQ7Bk5GweYaieO17hlFhcGVnZ9Gg5dmnWSELoVr1/s06dIni52YgdwHFdTo5VQ5YZQYwQxob4CFiC4fhTyJr13PPJvZA8AsQ2Lv4fP/wC8P8x+KYX+yPJYsW6R2P0D3x1U2KH9W388F4sRQv0LYYP1A/PNZffsR5/ELFimUXQtcSq7lixWRGRvSWOWLFwDduywrFi44jKs0+HgsWLmcizSOybi3sN8AsWKbLYyOzqGdz6o1VefsNbU+w5YsUX2XOWuWhXqxaCUhp6efs7L/hH/AJaSXcO39PivViC6E9G5zdPzyTB0eM2+vA6d3gsWKEui5S6T/sykO1OvmsWKmP8AiSydoO0xoFLRCxYnZy6GbCdgmNp0WLFCXZzF/Hbl4Gj3DwJCE0BmIzdrx1+KxYmJPscsPtKYbIYweDR9FdlYsU5DxMlT0DqsWIDm2Jbs8D8l5SXqxDwCLLCvFixcE//Z",Drama,https://youtu.be/hP8mPkyBntw
DOPE' (JUNE 19),2015,"Malcom (Shameik Moore) gets bullied at school for being into ""shit white people like"" – ‘90s hip hop, dirt bikes and good grades. But the geeky kid focused on his college applications gets his chance to become ""dope"" when he gets invited to a cool underground party. ",,"data:image/jpeg;base64,/9j/4AAQSkZJRgABAQAAAQABAAD/2wCEAAkGBxQSEhQUEhQUFRUWFxgYFxgXFxQVFRUXFxcWFhUVFxUYHSggGBwlGxQVITEhJSkrLi4uFx8zODMsNygtLiwBCgoKDg0OGxAQGy0kHyQsLC80LCwsLCwsLCwsLCwsLCwsLCwsLCwsLCwsLCwsLCwsLCw1LCw0LCwsLCwsLCwsLP/AABEIALEBHAMBIgACEQEDEQH/xAAcAAABBQEBAQAAAAAAAAAAAAAGAAMEBQcIAgH/xABLEAACAQIDBQQHAwgGCAcAAAABAhEAAwQSIQUGMUFREyJhcQcjMoGRobEzcsEUJEJSgpLR8DSis8LS4RYlQ1RidLLxCBUXRHODk//EABkBAAMBAQEAAAAAAAAAAAAAAAACAwEEBf/EADERAAICAQMBBQgCAQUAAAAAAAABAhEDEiExQQQTIlFhMnGBkaGxwdHw8aIUIzNS4f/aAAwDAQACEQMRAD8A3GlSoG30uML8BmAyLoCQOLcqBJz0qw5pVhO9mNuKixcuDUcHYfjU7ZRJtiSTPGSTPnTaRHmWmzaKVZSmJuCIuOI4d5tPnVBvRtG9KDtrupj231HMHXWsoyOZPobpmFfM46j41kGETuL5VS4+3OJTSigWa3wbznHUV9BmsT24sWx7qewtk9n3SVkfokj6UNUasqZsxNfO0HUfGubtvs+chnducMzNr11PGqC4uh0pE23wV1I6w7QdR8aWcdR8a5Wwl0CJ4UU7MRdINFuwcklZ0BnHUUs46isktoCK99jT0Q7/ANDWcw6ivtZL2VOo7jgzAeDEUUH+o9DVaVZjax15RAuOB940zduO3tOzebE/Wije/XkamWHWvmcdRWU9nQ1te23aRHdpZPSrGhl1Oje+0HUfGl2g6j4iuZsRbTUQAaqfyMBuApYzsdujrGlXNmxj31GZtNOJ0HQeFXW1iyugDMANRBIAPUeNUSsR5VdG80qw7dvEXO933meOZp+M0/vHibnZfaXP32+PGihe+V1RtVKsg2NjLotqRcuTHHMx+pp3am3cTbtMVvMD45T9QaKDv1dGtUqxHdjb2KvIe1v3GgmNcv8A0xNW96+7+27t5sT9a1xoJZ0nVGqlx1FIODwIrAN87M29RNXfoesesQjTKGPmIiP6wo07WbHLfQ2alSpUpYVBG+K+v/YX6tRvQfvWk3v2R9TTRVs5+0uoGa76W+4vmKu9kW/VL5VW762+6nmKvtl24tL5VVxONz8CPqpBqLt65aYpnWwDFzTI8y3CCDxE6HlHgKtRboZ3kSbtoeNTnjcls2vdX5TNxZKYTh0gQtrmNEIHsHUSep+IHlQ7jFW5jJOW3pICg5ZEaATpNENu3oPKqK6v52PKsjhkk1qb+W30N75XwWO0DbCBW7KDmXM1ssRIEOIPERp0mpK5XUaW0kz3EIjuDTykcOpNV+30GUeYqfZTuDyrO4n/AN38o/oO/VcL6/sELuFVsYCcrKpVjmUshgBijLzE90/hT/ZWVMm3hokHvWiwEi85BAMwGuKkcYt2+lTcLhwTdanEwIOUEcRWz7PJ8Sa+C+fH/noNHtCXQovzUFdMJ3Tb/wBgxzhGuZlaSfaBAJ09keBLmycKpLBSGCkwwEBhPEDkD0qDtPZL9qcqmJ00NE27GyWtrLA60kMbi/FK/fX4SKzyrRaRd4MqLaDLbkcSUJJ73M+VO3LgI4W+DcLccoA4+8ePGvgt197LwoeJ37b/AMflwR77bj7kUW6li6p4pb4kxlOuhAWQeGvyBr52dLs6rKGpbOvdX5Ejk09BNcWPZtn2R7JEgBu95nNB+6KjIg5if++vyqV2dLs6VYnpptv14+1GvLbuiPkHQ8/jypl7Fv8ATC8eJz8IP6pGk++pvZ1UbSYyQVYAc4NTyY9MaUmr+P3vzGjk3uipv4SwsgrY7xBlrbs6Z7TW2UMWnumH+8QREV5srYGWUwx71r/ZXCTlbIdS0QUUM3UmdDJr1jQZChGM6aKTynp01qLdwrDJ3TE9DpUIYpN/8j/x/R0PNt7P3JbbLRLyEEAFvagxHWOMVO2vZtF1nIpIbX1pKkEZQAWgyJiffTuNta2qj7aT1iV2PDJ1Umvl+jlWbzRO2LiLZNzItkSx9m2VgexxnhAzcNZE6zMfa9tMsOFykwS2eFHWEIJ+NMbtJrc86lbyW/UmhYZK/E/pt9PuDzXJbEvYvZqgjIwlT7LkAAxoWOoOsz18BUXeS8FsOAlskhhOUyBMgiTx4gcwPIU5sFPUr5UxvQIsMaxYZJ25N/L9B3yb4RT7l2/VnzojNuqfclZs++iPJVnEnOfiYJb4p6qrf0O+2Z/VMfFf86h76rFk1K9Ehhk8SR8ifwrNOzLY58e81+lSpVA9EVC28iTe/ZH1NFNDu3h639kfjWxdMjnjqjRnG+6aJ94URbOt+rXyFUW/i/ZfeH1on2enq08hVXPg5Hi8KEEoU3iWcTaHjRoEoR24s4y0KFIXu6YSJb0FULJ+eDyooVNKoCPzz3VqkZ3Z93gt91fvCrEW4T3VH3gXRPvCrC4PV+6m1cGd2UeFZezY9mOMe02vKeNTUC5kGQcBzPwqLh19T5t+NWATvr5VtmaWRW0cwBx8asEt6fzzEVFuL3zVqnDjXNPs+HVr07/EpFzqr2I+T+flSyeVSpPU0gT1PxpJdmwyduP1ZROa4ZHVI5A8Oo4UoHQf1vL61IM9TXns6MiyJJYqXvsIxjfi/AzA6D5+H8RX0qOg+dO5KRSsvPXS/iGiF/0NEDXQfPx/iPhVBvLdZRCqDmBBOugbj84okyU1ewwbiKk8Mskk8tOr4v0/j/sdNR9kzi/tVyGSOOXXWRlCjT92ffVxfxTBLTQNWB5weI1+NS9o7GRCT1qPtdYt2vMVeHZcWmnFCzySvZlljNezGkSD8Af41F23b9ZbqdfXW1TW209bbrohGMNonO4uW7Ie7Sd+4PGpu8dv1LUzuyvrLvnU7eZfUNWuW5vd7jO71v1K+VR97Eiw1WG7i+oTyqNvevqGrHLcFi3IG5Nv1Aog7OqzcyzGHWr7JRKe5rxbgjvtb9Qa9eiVO8v3vwNS99bU4dqj+iXiPvfgazVsx4Y6r3muUqVKonoCof24PWfsj8aIKH9uH1n7I/Glk9jJK0Z7v5xtfeFFWzh6tPIUK78t3rX3hRXgD6tfIVsnshNKokUKbSWcbb8qKzQvi/6avlRFiSiFAodQfnp8qIZobw7TjW8qaL5McSbvFwT7wqXj7oSwWYhRHEkAfE1B3jb7P7wqn9KNvNsx+ZDWio6k3FWP6xp0+DFHc+W94cMLaob9vNOokfWrfCbWs3HBW4pEcZrBrGw7rGO6D0mY+FEW6+zsRh7oDyFJ017s9ddJIEddaJOk6ZZYF5M19mlifEVbJwodS9Cz4DkR8jTj7XOkCpyyKkyXd1Jov4r6BUPA40OKlzRYaT7FKK+ZqU1lhpPsUor5NKaLChUq8u4A1qPbxykwDWWGkg7e4CqXbq+qt+Yq22+/CqzahlLYq8HshXFFix1s/wA8q8ba+2tV4LfY162yfXWqzqCieN3B62751N3n+waq/d0+uu+dTt6G9Q1ZJ+IbSO7tfYJ5VE30PqDT+7d0dgmvKoW+zeoNI34hoxH9zv6OtXtD+6Fz82U1Y29ogtFJkyJSpmqBX75D83aq/wBFB7/7VWO9twHDtVT6Kbk3Y/4hWxlaYyhsbHSpUqYcVD+3B6z9kfjRBVBtv7T9kfjST4MZm+/R9Za1/SFF+z/s18hQfvx9ra8xRlgB6tfIVknsjOg9Qpi/6avlRZFCOM/py0R6iBXOlC+BP56/lRTGlC+AX89fyp48MzqTN5T9n94VC3+UnAMR+ibbR1CupNTt5xon3hUbfOfyByOQVvMKwY/IGmXQI8mXbKvOzMVQZgpYGdOJEa85HCibYl58Vb4d8DhBykidNSehqh2Xi2LEoJUxqLVwkEGTqDrRTsjbEvbVdBmOYkZTPDUaGajktHpRSa5LLA4/NaQtE+yQCDBBIg9Dz1616v4sZgOVN2Nkm2nZn2pBIBkKWALBTAlZJI0HGo2KwbdtGvCqJbHE3U3QXbNw6gBhzqwoYsY1kUDpV9gsTnFIpJ8E5JkmlX2lTGHylX2KUVhhVbXutwHCqjCk5pNEG0gMhmhm7istRyXexaNUTtr3Jy1FxRkKPCo1/FZiNKedxz4BSa7IeyibRJzfY+dObXPrrdDmyNvHFXBbsISLesyoZtYkZtAPOrDbO1BbvWu1Vl04yja6SO7oYkcKOoUS93G9fdnrXre/FjIRULZ12Lt7Xjwoc2piWzFWJNTm7mkhZS07hFsbF5bQivG9OOLWYqt2biAFE03ty4SnhXFj1PJz1LOSCLYF/LhVrwVlpmqzYmI9SBTTY4gkVzdom5ZHRSKSirJm3MSTbImvfowaL4++v1qBiLge2SeNeNxb8Yu0BzuoP64rp7M2sbfqEmjfKVKlXcIKqLbI9Z7h+NXtUe2PtPcPxpJ8GSMy32Pr7fmKNdn/AGa+QoL32H5xb86N8APVr5Cllwheg7FBu0P6enlRmaCtpt+fpWw6isMgNKGNnj89eigcKFtlj89uU0eGBO3oHdX7wqBt7alnsRaJzll1CwYXUGTMDgR7jVfv7teL1uwNAFLMTADNEqknoBP7QoQwuIZ1LvxJM8BoNBw4cPlWt1GymLHq3KLEOuFvSQXQzlP6UAkaxpIiP4cKc/8AOWzFkGUDXXiTUS5eN6AASRJH6ozE5hE+AM1M2cltZNw5nUkZQJTTTRufvinrfdHTGLfsOzXbW3cO/YvczLmw6sSBIVi1sW5jiSpueQXw0m4zBJeAfD37THKWKkhWgCTqJ+cViado1xQ7My5e6uchRzXTl9oxiOB041fYrEMjoyEBx3QIBBDwpBB0M6wD48aR4ntFMnkilN/f3hLa2gDxom2NiVPnUHZtg41cQ4sqhtkLaIGt0qsuzdQxIy8wImqzZ+NhxFQW2yJ6bW7DsClFebBlRXuKrZErsftrDWGC3r9m2x1Ad1Ux1gnhUyzdV1DIwZWEhlIKkdQRoawrZvZ37t69iGOa67vrlOVcxOmZT+jHu5VoHo47lzFWVctaUWrluYgC52kxGnFCOXs1mqN0issMox1MKdrEZYoYuYdywAGk1bbYxBDa01sq5JqacnPjY3QtPJBxuBKETVLvhfdMJeZDBCgHrlLBWA9xNFe3+I8qpsTgxft3bRMB7bLPSRofcYNdi9kiZBgcDdv8CAvifwFT72w79lcwKkce7y8asNlWns6EQUHekaEjQiY0orOCZn7xBtlRrJ58RlmB8K5J5GmehDBCUeCHuhju0QZml458YBIHyFObXXU9autk7oJaAeSCFAUHoBz89T76odp3gWYcxTN6siaPPyw07MjYfEjJ4insXjA1oCqI3oOlTFudw1vc1O/UjHLcqLzZuIAtgVHx10TpVbhL5ywKbLlprjeDxv3lZZvDRLS+YNSd07pGOwvjftD+utV+FPGpe6euPwv/AM9r5Otd0MdQoWM24nSNKlSpjpFVLtj2/cPxq6qn2yveB6j6f96SfBjMv31/pNuOoo5wX2a+QoC32f8AObfmKPMB9mvkKSfQVcD9Au1G/wBYJR3QPtSPy9KbH1FaDUcPdQhs67lxd5m9lQSfICT9KL+XurN9pYpRdxCMSO0BQRxMqSwHuB+NEeGNGNySAjbe07l25ca6xKuxYCZ7OTmUjwA0inreIAwknVjOpMy05a9beHaWs6KFKnJA4BTqCepM1WfkbfkqZoRXuMEzSRKsoY6DQZyRz51RpNLpudUoKEvCuh72jZFu662iBDLl4QCwUa9NUbSOFRLGFYtkXKV0DMrEltRmynh1gx7zxq7ay1iwhZYuFsssQxyNc7gzjwg/zFVOCxJVz2UBQcxglj7XdDGAAOGgq1tLb5k8Sc5qPXhfcvGKvllIyEgydNcpUHwDDKPADrUy8iuVBgHRpnvQpmAR4kUPbTxhAyMOzFyLgaZ4E5RABlZXwNP4LFdq1oB1QqwMk8FHtD3wRU5RfhZs6uUeprG5m9Fq1lstEq/eI0C58qAHqASBUbeTBC1fzoPV3ZZI4SDDj46+8UKWtopZ7VkUP2zqGkaQBmJXxDa/CtC2Ra/KdmoJLvaJYSAGAEtBjqpPmYqOWKTbKTilFKPRdSVsi6WQTT7422CwZ0GUS0sAFHOSdBVJvLtkYLAXL6+0Fi3pI7RtEnwkz7qwE4tzZcu7NnucyTJIBdpPMwKeGNyOP1CvZ+Itdqy2sly2pdQxQ99CCoMceFaZ6PlVrVxlC9oMquFWAEXPkMcxJuajnPSsa2BhM9stOsn3GpW7u896zila23ZnILehJDQ5uS08ZYt+9UlhetpdDtyyTxbmt7x3gWipexbIFsedZ/uptpsZbi6wN1DBOgZwdcxA6cK0nZ1jJbAplFx5OST4oi7ZtFm0gaakkBQOpJ4VQYjbNnDXAilb9zLJieyAK5hrxY6jTSlvdtHOcqnuj5kc/KgVv6QPEH/oNUjbQaUiRtjGtdPaQoLqAwUBVJkwQBAHdge7xqwtY0hFLsI5696AOBMnp86pcXbPBfNR16rUdGLx0nhwk9KnPFcq6HZizaYGq43eDC38iLd/J2dQRmXOhGdkCtBlT3ePDnQfvFsO/hbh7ZRleclxTmtv5NyPgYNDzJF9Y/Vn4T/EUX7vYs3VfB3W9XeEIW4W7w1tsOgzaHzqii4Lbg4ckVN31Ao8alWTKGou00KOVaQQSGB4ggwQfEEU9hfZPSqrfc4YprISNmXQszUsqAhYcCTVGbmpj+eX41Ms4zKpVhKn4g9RUJYlqvzH1dCbgHENzmrLcjCl9pYUATF0OfAIC0/EUOYBjJE0XejO4o2nZDEahws/rRwHQxm+dVSpFcO8dzfaVKlSHUKg7fvaBtMgE+yT86Mazz0oMRcsaaZW+on8PnUc6bg6Mboz3b+Oz3bbNyIrTdkY1GtrBEwKxbeDESwjkatdibUcRBOlJNSUIsnrSdM2SaA9smMelXmxtuB0GY60LbWvZscmvOnxb2M1waNPd91ZzewyXMTeLg9wF1I4ggGfcRoaNMdjciDyrMdq7TKHEsOJXL+8cv0Jp4cMaKdpgztbHMwUW+4oPsLrJPA+Jmjfbewh/wCW9ko71pA6HmXHeZp01JLe81n2yPWX7angHn92WH0rWtqNOHYdVC/vEL+NbdItkbbAS/2j21e2wXUXAQScrBuSn2Y1/ngMuxtXrguNBbjyB84/hT2E2kyC5buCBLEDh3pzABuIJiJ/yrxisP2l1QmpYkjNyAEieoIIE+HAVfGq2fG/8sfJNJqS9pf18/gGeyPRniMXYt30u4cLcWQCXLDXnlUgnTrUvCeiXF22Vmu4dlBkhWuRwiNU6Vp24lgJs/CiZhANPM9NKvntcenwpHLoJPLKb1MxXa+x72EVmvDOk8AB2fuY6htZ1jnV7uNvRdK3ezRrgy27duc3tAGFmO9lHLoa0HamykxCtbuAMjAqQenXz4a8qqtw9irhcOUGpW46MTGpRiufTmwg/Clk04qNBrbtv+fj4lDvNuFe2hYtWmvW7IVs57huNmIKgCGAAAY9azzej0SYzCWy1plxVsHMQgK3RAMnszObT9Uk+FdFcBTTCY6imi2uCVHPfo63dbG4a6lsqtzvlSSQsQoGYgE+01TLXoXxysGF/C8ZHeu6xH/BWo7L2SmH2lc7IBVvWXuFRoA5uIHgeJhvNjRQLUdK1yp2jW7VGEbL3BxmzLvbXUS6nAtZfRBMk3A6hgsc16a1qmz8Eb1shSI4cSOI5EUS3E/n61XbFsLbN22ghUKAAcFBXMFHgAQKnLd7mUBWK9HmIYmLtnwkvMcphao8T6N8TaL32u2CqIWgG5MKCTxSOANa69yJ10j+NUO38Zc7K/bFi6ym0/rAbGTVDOhuB9Ofd5aTWp7AYziLMjxHCmLKy0txFWF0waYc0ymqGeNXyVmMbLdRp0Jy/EE/UVYzEHhH1r1hhavJdAANy1kYEkHRmZbkDnEWteWZvCvJaBC6Rz58OXT3UjypGrE5OkR99riubN0tF+4p7ZIOuXurezcJcDVeqk86hbPuerrxvGpy4duqOv7txj/fFfMEPVVWD8Jx5I6crRFvPDaUr14mBTWI0NWmC2ZntG5PCmS6k4rxMk7F2dcLHumIon3GwRXaWGZhoHPzRgPmRUfYWJP5Kzc+tN7q7Qc47C68b9sH3uBUW5XRryLG0vM6IpUqVB2CoD9I99Ue1nIgq0e4ifqKPKyP034kLcw4nXI5jlBKwfkaxx1bGOWnczveB0a53YiifY+FtFARxjWs0OIJY0T7ubQyDWmyxqKJ42nLdBvatKvChraN4jFKR1qZb2wvPnVDtbGDtlYdaXE07opNpJB/exhdRNZ7vb3QR+u0+5f+9EtvaaZR3hwoL3sxYd1jgAfmf8qEqRSNWRt1F9a7/qIY82IH0zUd7axxbCMq6E5AD0lloT3XwvqXaRLt8FWR9S3yq02tiALBQMC3d+TA00laFU0plNvFsK7h7mbEm2cxgG2xZREDMTA0HQgedMbKsi7ezoezFoDNm7wbVgdZ07sczVvtHEsQmcgsJzTw7x0XXw0PjVTcGVrmVVHCR1jvT5yf50p42og5qUqb2OhtyVAwWHgggppHPvHnV+ax/dz0qYbDYO1aexfY2lCsy9llkniJYH9IcqtcN6ZMHcZUW3fBMDvdmo4wNS0caVpvdhtexphAgnQDiZ0EDiT0oV9H+8VvHLish1TEXIE6taczauR0YBvgaj7Q2ocYFspAtv2qXghFwBTbIAdwIGrDT51kO4W1Xwe0LcHKSTadZ0MmCrDnDKPeKnq59B1G0dIC1wpq4usDw+tB1v0pYNWdMQLlpkLA6B0OUkHKQZ5cCKGt5vTdaClcBaZ34dpeAVF8VQElz5wPPhTxV8CSTXIdrjg20xbHG3hnzeBd7Rg+4KffREBXOm5/pJGHxb38SjOrW3HqzmuF2ZGzEuwEd1viK0bYvphwuIu9mljEAxJLdjAAjo+vEcK2aoxJvgPdp7Qt4dC11gByH6THoq8zQp6NNpflJxt5hld7ysR0UpltjzCqBPOKzTE4wtddgSZYmSZMSSNavt1t57WzzfzpccXuzcZcsAjOGGpHMz76Wa00xsfiTSRrlzT+f56UL7046+tjElUsFBZuSTcdX+zbMICESIMa9OFUY9LeHLZBYvnST9lAH79VO8npMw7Wb1vsL4N226Ans8oLIygnvdTNMourFezoEPy9HUMGWI1kgEeYPCqbae1tMtufvcv2ep8frxqnw65gfAUkE6H+fGmWJGOZb7oX0S/3ywDKU7qgyHIDZjxA5yATpyqeA6XbiXBBHw05jzBBqh2bAcZmCEcCVzCZHFeY1jwmeVFe1MYGsJdEMynsrhBZiCJyE5gGEiR3tdOJ4mWRJyrzKwbSUvIh7StG5hxAnsrh9y3VE/1rY+NMi3FoVL2bdlnTiLiMB4sO+nzUfGmsXbY2wRwpMTdidoh/uWuqIaYVGEsassLdi01tRpHGqayCdKssPdy23B41TfXVkklVj2791zbdSe6KlbqGMfhf+Ytf2i1WbCvxbudTUrdFv9YYT/mLP9otNJeJnDk3cTp2lSpUp6Qqxb0/Wz2uGPLs3HmcyyPmPjW01kX/AIgJFrDGdM7CPErIPwU/GmjyLPgxQJB8+FWmDuaeyTVfaIymfd4UVbtoMveApc78IY47jGGvKdCpqu2sQGovu2lgwBNCW0NnXWYkVDs9Rk7Y2aLaFZKECCZqp2u0MR0FXODwvZAs/GCdeFDeMYu7MeZnifcKunb5Fxw070aVsbYqCyoLch9K+43B4dFkQzSAOYEniaocNtv1K97OcoBI6xrpyqCcYWBOvCfeJpkpNciuMU7ojm8b15nPsKxyjlM+158T8K8Yq5N1iOn4f5UsMoCxmI1AHDjEE6keFNupzMTy0mCOI6VaDROcXZM3d2u2EzKqBg1xLhlo0QOMnDgc+vlTz7w3GtolxUYpdS7m9knJELoOgAkz8yTTOe8T1/n619NQl2XDKbm47+fuKqUqqzXNxt7u3zqyqjAg5QSZEAZhpHKCPrVJvftrscVctKiQ727hYkzqLBLBY0M2dDOmZutUexcBei3dwavcuBjnCkE5SVAIX7xAjUmRRBtrYVzFYyzcuWbhtNZcXuzKh0e0HBjU6i41sSQRqJ0rjl2LBGWqMePV9Pj6HRHI+o/vBtAt22VEDCSp1kHLcAJ6rF5u7wkChzBb2TcuYh0UMFt2yCSwyK9twdFkkvbOvLtDWk4rYtjvTavPo+YAhSckiATpMm0vHi5ngKBsJu1YtNfa9h8QLBu27aNmMfk5fsrt1yJE5wsLxBboJEoYOz6Wu7fHr5r19Ak5XyQcPvOrK6MLYS5bW2XzXDlNu26KQMsqxLZieZX4WWF2gRfvYlAGW6kEqj9mmVpJGYezqQI6Hqa9bP3Ht2zaW6t1yWureAzKmSSqG2SJJS4LakRqbo6UT7N2TbuWktNZvoYBuKsadkbYvKZ5K2YaSNB+sDWvBgi9sb+v79F9DFOXmDm296CLbobYXtBxWMyagqdQQSIjXlpyqvubfzdgcgPZqyiSQWDApJj2XBkhhzjpRXtTdglmy2WKgTqByUFyATMDj5RQDj7RtYopeXIEYBl0JURpMHoRVF2bDpSjGvi+qrz8ikJO2y+2dvCxVma0q63FEM3BrmfNrOvKelU2+W0u3VSbYBUAAhjwHHu8CTPHyqZjxbRR2cFTPs6jx4e6qXHtmWPhXRh7Jhi9UY0/e/2QnOXUrdjXAGu2yftLRUfeBDJ/0n4142dfVLqm4qsswQ3ISNZ5R9Jp3Z2x714g2xlAPtnQAj5t5VKuYFVdgwBKkg9NNJir7MzgjbQwvdDQQQNQdD8DTtvOZkiHRC5BBW5BlCejDLB8QetTezBWNKl2cAtqVKgDXz4nj9PdWT8zYbETDuVa0ygkgg+9TwohxmEIJUDSTHlyocx1yxctqodhlJOZUDqdOGrrrwq62LtC2lsBr5bXKou5EIj9UZjPtDnyqEubXJbdpWRhsh5kCoO1MG1pSW50cWmEa0N75SVAUfCiEpOasnOK0lFsq5CNVnucf9YYP/mLP9otUuDtMFOhFW+5wI2hg9P/AHNn+0WrS5Z5so+M6lpUqVKd4qx3/wAQl2EwqyNXZo0zaLEjw73zFbFVdtTYWGxJBxFi1dIEDOitA6CeFagORGu8qNNlXALa9YreBuRs6I/IsNH/AMSfwr1/oZgP91sjyWB8BpWSqRsdjDDegzNffysVu9ndXBqIGGsxM6oDqOGpp9938KeOHsn/AOtP4UulG6jnfaCpdQq0ieY4g8jQamEBd1uPkCAydJOXQAA9a6tubmYFiScOknjBcD3AGB7qiWvRzs1WZhhVlvaOe6Z58C1MFnNmwLRWybgKnUypHEDqeR48KusRhEuIXXTuzp0idRXQJ3HwER+TiPv3f8VN4bcHZ6EFcMumgDNddR+w7EfKsVpjOScaZyreumF8z+FWDBVEDh9TXTl/cHZriGwWHiI0thSBrwKwRxPCoX/pbsr/AHNf373+OqKVEqOY+yJzOOCRPvaP58qlm0D7TBfmfh/nXSy+jbZgQoMKuUkEjPe1I4fp02/ow2WdThFP/wBl/wDx0km3xsUg4rlWc12drvbVrdtriiTmKsyhxpAIU8OcSZ06URbG31ylRdV+MZkuXP04zlgzEmSFJ11jwrc//TDZcZfyRYmftL3GIn2+lNj0V7J/3Nf/ANL5/v1klqCMkjL/APSdsTaulLl1codfacQQJzAg84B06Cs8xO2sQ0q2Ivlehu3SOIPCY4qp9wrqVNyMANBh1A8GuD+9TeF3B2bbMpgsPPGSgYj3tNbHwiydmCY1LxSzc/KL1u52YzsLtwM2ilp11Mquv/COgqBszaeJXFWzcvOWK94vdMZWjPxPM2wY5wK6fs7Dw6TlsWhPGFUTUTaO6OBxGt7C2HPUos/HjWBsYttdr1/IVxeIQRmBt3XAYNBk6+FCO2GuC6e1ZnYmQzHMWEkAlj4CulP9DcFAHYLAECGuCAOXtU224+APHDqfNrh/vUuljxnRzRg4tFh7aFtHUHvRxII6dDpTmItNJgSORKkfKuksRuLgHGVsOCOMZ7v4NTJ9HezT/wC2Gmn2l7/HVozohKF8GJbIxCW7IBYDiToRqT5eVV+0bBe4z23TK0HXMOQ4aeFdE2tz8EoCjDW4HDiT7yTJ99eLm5WAYENhbRnqCT7jMj3UibTsd8Uc72VZSDNoxrBLn5Bfxq0vYRrozE95tTy06Acq3RNx9nggjB4cEcPVr/JqYd3cL/u9nX/gX+Fa3ZkV5nOK7uWxIDOBMxI0+INSrWxbIiUDEay2p4zyroNN3MICCMPZ04dxf4VNTBWxwRRPGBE0tFNZgmemnM8da3+7gLbCGRWB4giR8DUW9u/hWENh7RH3FH0rKDUYP2C9BVhu1hl/LMMYGl+1/wBYrXX3NwR/2C+5rg+jV6w26ODturpZAZSGU57hggyDBatoLReUqVKtEFSpUqAFSpUqAFSpUqAFSpUqAFSpUqAFSpUqAFSpUqAFSpUqAFSpUqAFSpUqAFSpUqAFSpUqAFSpUqAFSpUqAFSpUqAFSpUqAFSpUqAFSpUqAP/Z",Drama,https://youtu.be/sNlSBM8jVOY
"THE END OF THE TOUR' (JULY 31)
",2015,"In 1996, Rolling Stone writer David Lipsky (Jesse Eisenberg) spent five days on the road with author David Foster Wallace (Jason Segel), who at the end of his book tour was just starting to realize that his new novel, the groundbreaking Infinite Jest, was about to bring him fame. Lipsky never published an interview based on his five days of audio recording, but after Wallace killed himself in 2008, he did write a well-received memoir chronically their road trip together.",,,Drama,https://youtu.be/DBk1Mrb4RyM
,,,,,,
GRAVE ENCOUNTERS,2011,A reality TV show about ghost hunting goes terribly wrong when the crew enters a psychiatric hospital.,,https://www.youtube.com/watch?v=g8FBRATbJoA,Horror,
THE BABADOOK,2014,"Amelia (Essie Davis) is a widow who lost her husband in a heart-breaking stroke of shit luck: he was killed in a car accident while driving to the delivery of their first son. Now six years old, young Sam (Noah Wiseman) has begun to develop behavioral problems and incestuous tendencies, and their neighbors have become increasingly distant as a result. When Amelia discovers a ominously-covered, never-before-seen pop-up book called The Babadook on Sam's shelf, she decides to immediately debut it as a bedtime story.",,https://www.youtube.com/watch?v=k5WQZzDRVtw,Horror,
THE BLAIR WITCH PROJECT,1998,"THE BLAIR WITCH PROJECT follows a trio of filmmakers on what should have been a simple walk in the woods but quickly becomes an excursion into heart-stopping terror. As the three become inexplicably lost, morale deteriorates.",,https://www.youtube.com/watch?v=D51QgOHrCj0,Horror,
THE TAKING OF DEBORAH LOGAN,2014,"Mia Medina (Michelle Ang) has finally found the perfect subject for her PhD thesis film on Alzheimer’s Disease. For the next several months, cameras will record the everyday life of her mother Deborah Logan (Jill Larson) and her daughter Sarah (Anne Ramsay). But as the days progress, strange things begin to happen around Deborah that are not consistent with any findings about Alzheimer’s. It soon becomes apparent that a terrifying evil far worse than the debilitating disease has taken control of Deborah.",,https://www.youtube.com/watch?v=JiODgrdAJvo,Horror,
YOU'RE NEXT,2013,"When the Davison family comes under attack during their wedding anniversary getaway, the gang of mysterious killers soon learns that one of victims harbors a secret talent for fighting back.",,https://www.youtube.com/watch?v=ufUQWpEkbf0,Horror,
,,,,,,
BAREFOOT,2014,"An unusual romance between an unlikable man & a mental patient. The ""black sheep"" son of a wealthy family meets a young psychiatric patient who's been raised in isolation her entire life. He takes the naive young woman home for his brother's wedding.",,https://www.youtube.com/watch?v=i-b_mPVuNOI,Romance,
IN YOUR EYES,2014,"In the frozen East Coast winter, Rebecca is withering away in a life of cocktail parties and lonely nights as the sheltered, soft-spoken wife of a successful doctor. Across the country in sun-drenched, arid New Mexico, charismatic ex-con Dylan is struggling to find his footing and a fresh start. When these polar opposites realize they share an inexplicable connection, a unique metaphysical romance begins.",,https://www.youtube.com/watch?v=cs_Z2OyqW5A,Romance,
LISTEN TO YOUR HEART,2010,"A struggling NYC songwriter becomes enamored with a wealthy hearing-impaired girl from Connecticut who tragically cannot hear the music she inspires him to write. After falling in love against the wishes of her controlling mother, Ariana becomes torn between hanging onto the shelter her controlling mother provides and fighting for a love that, if given the chance, might just change her life. MPAA Rating: TV-PG © 2010 Kent Moran.",,https://www.youtube.com/watch?v=BB5ag2hswmo,Romance,
SUBMARINE,2010,"Fifteen-year-old Oliver Tate has two big ambitions: to save his parents' marriage via carefully plotted intervention and to lose his virginity before his next birthday. Worried that his mom is having an affair with New Age weirdo Graham, Oliver monitors his parents' sex life by charting the dimmer switch in their bedroom. He also forges suggestive love letters from his mom to dad. Meanwhile, Oliver attempts to woo his classmate, Jordana, a self-professed pyromaniac who supervises his journal writing - especially the bits about her. When necessary, she orders him to cross things out. Based on Joe Dunthorne's acclaimed novel, Submarine is a captivating coming-of-age story with an offbeat edge.",,https://www.youtube.com/watch?v=P-WCCdkVDr4,Romance,
THE GIANT MECHANICAL MAN,2012,An offbeat romantic comedy about a silver-painted street performer and the soft spoken zoo worker who falls for him.,,https://www.youtube.com/watch?v=zbAmRWPsnQg,Romance,
,,,,,,
,,,,,,
Buskin Blues,2015,"In the small mountain town of Asheville, North Carolina, a mysterious subculture of world-class street musicians reveal their troubles and triumphs in using public performance to disrupt indifference, hone their talents, and foster community.",,"http://ia.media-imdb.com/images/M/MV5BMTQ2Njg2MzQ2NF5BMl5BanBnXkFtZTgwOTE4NzQ5MjE@._V1_SY317_CR0,0,214,317_AL_.jpg",Documentary,
Romeo is Bleeding,2015,"Donte Clark's poetic voice was honed on the violent street corners of a struggling city. Yet rather than succumb to the pressures of Richmond, CA, Clark uses his artistic perspective to help save his city from itself.

Director: Jason Zeldes",,http://ia.media-imdb.com/images/M/MV5BMTUxNTM2NDMwOF5BMl5BanBnXkFtZTgwNDI4MDQzNTE@._V1_SX214_AL_.jpg,Documentary,
GAYBY BABY,2015,"GAYBY BABY follows the lives of four kids - Gus, Ebony, Matt and Graham - whose parents all happen to be gay. As they each wrestle with personal change, the outside world wrestles with the issue of marriage equality, and whether or not kids of same-sex families are at risk.",,https://goo.gl/rxy2vp,Documentary,